學校代碼,學校名稱,日間∕進修別,教師學歷,教授男,教授女,副教授男,副教授女,助理教授男,助理教授女,講師男,講師女,其他男,其他女,助教男,助教女,縣市名稱
0001,國立政治大學,日,博士,208,99,128,85,86,60,0,0,0,0,0,0,30 臺北市
0001,國立政治大學,日,碩士,4,0,7,3,1,2,13,20,3,1,0,6,30 臺北市
0001,國立政治大學,日,學士,0,0,3,0,0,0,1,1,1,2,3,19,30 臺北市
0002,國立清華大學,日,博士,301,54,113,56,64,32,0,0,13,3,0,0,18 新竹市
0002,國立清華大學,日,碩士,1,0,0,0,5,0,2,2,1,9,0,0,18 新竹市
0002,國立清華大學,日,學士,1,1,0,0,0,0,0,0,4,0,0,0,18 新竹市
0003,國立臺灣大學,日,博士,858,229,307,144,205,130,6,2,13,13,0,0,30 臺北市
0003,國立臺灣大學,日,碩士,9,4,8,7,3,4,6,13,4,11,3,6,30 臺北市
0003,國立臺灣大學,日,學士,26,6,11,3,10,3,5,1,1,0,0,6,30 臺北市
0004,國立臺灣師範大學,日,博士,242,131,134,119,62,63,1,3,3,7,2,0,30 臺北市
0004,國立臺灣師範大學,日,碩士,15,4,7,7,1,0,16,19,10,8,1,6,30 臺北市
0004,國立臺灣師範大學,日,學士,2,0,0,1,0,0,0,0,4,1,1,7,30 臺北市
0004,國立臺灣師範大學,日,其他,3,3,0,0,1,0,0,0,0,0,0,0,30 臺北市
0005,國立成功大學,日,博士,488,93,246,98,159,86,4,4,0,0,0,0,21 臺南市
0005,國立成功大學,日,碩士,13,1,14,3,8,2,10,11,4,3,5,7,21 臺南市
0005,國立成功大學,日,學士,38,4,22,5,9,1,2,1,2,0,5,5,21 臺南市
0006,國立中興大學,日,博士,331,60,157,40,95,38,3,1,4,1,0,0,19 臺中市
0006,國立中興大學,日,碩士,2,0,5,1,2,1,14,7,2,4,5,8,19 臺中市
0006,國立中興大學,日,學士,1,0,2,1,0,0,0,3,5,1,0,5,19 臺中市
0007,國立交通大學,日,博士,332,42,122,39,97,35,0,1,0,0,0,0,18 新竹市
0007,國立交通大學,日,碩士,5,0,5,0,6,2,5,13,2,3,0,0,18 新竹市
0007,國立交通大學,日,學士,0,0,0,0,1,0,1,0,2,0,0,1,18 新竹市
0008,國立中央大學,日,博士,274,48,137,33,93,28,0,1,0,0,0,0,03 桃園縣
0008,國立中央大學,日,碩士,3,0,1,0,1,0,12,14,3,0,0,2,03 桃園縣
0008,國立中央大學,日,學士,0,0,1,1,0,0,0,0,1,2,0,7,03 桃園縣
0009,國立中山大學,日,博士,196,40,95,29,80,44,0,0,0,0,0,0,50 高雄市
0009,國立中山大學,日,碩士,0,1,1,0,1,1,6,6,1,1,0,1,50 高雄市
0009,國立中山大學,日,學士,0,0,0,0,0,0,0,0,2,0,0,7,50 高雄市
0009,國立中山大學,日,專科,0,0,0,0,1,0,0,0,0,0,0,0,50 高雄市
0012,國立臺灣海洋大學,日,博士,145,12,102,22,85,17,0,0,0,0,0,0,17 基隆市
0012,國立臺灣海洋大學,日,碩士,1,0,0,1,2,1,9,1,2,1,6,5,17 基隆市
0012,國立臺灣海洋大學,日,學士,0,0,1,0,0,0,0,0,0,2,1,10,17 基隆市
0013,國立中正大學,日,博士,186,57,135,52,57,23,0,0,9,6,0,0,10 嘉義縣
0013,國立中正大學,日,碩士,0,0,1,1,3,0,3,1,3,7,0,0,10 嘉義縣
0013,國立中正大學,日,學士,1,0,0,0,0,0,0,0,1,0,0,0,10 嘉義縣
0014,國立高雄師範大學,日,博士,72,34,71,40,26,29,0,1,1,0,0,2,50 高雄市
0014,國立高雄師範大學,日,碩士,4,2,5,0,2,0,0,0,2,3,2,2,50 高雄市
0014,國立高雄師範大學,日,學士,0,0,0,0,0,0,0,0,0,0,0,2,50 高雄市
0015,國立彰化師範大學,日,博士,119,40,81,46,37,27,1,0,0,0,0,0,07 彰化縣
0015,國立彰化師範大學,日,碩士,4,0,3,0,6,2,3,6,0,0,0,0,07 彰化縣
0015,國立彰化師範大學,日,學士,0,0,1,0,0,0,1,0,0,2,0,0,07 彰化縣
0016,國立陽明大學,日,博士,107,56,69,43,32,28,0,1,0,0,0,0,30 臺北市
0016,國立陽明大學,日,碩士,3,2,3,2,1,3,3,5,0,2,1,1,30 臺北市
0016,國立陽明大學,日,學士,18,2,5,3,3,1,3,0,2,1,1,3,30 臺北市
0017,國立臺北大學,日,博士,89,29,65,40,58,49,0,0,8,1,1,0,01 新北市
0017,國立臺北大學,日,碩士,1,0,2,3,0,0,5,7,2,3,1,5,01 新北市
0017,國立臺北大學,日,學士,0,0,0,0,0,0,0,0,1,1,0,6,01 新北市
0018,國立嘉義大學,日,博士,135,39,123,56,65,39,2,1,0,0,0,0,20 嘉義市
0018,國立嘉義大學,日,碩士,0,0,1,0,0,1,10,14,0,0,0,2,20 嘉義市
0018,國立嘉義大學,日,學士,0,0,0,0,0,0,0,0,0,0,0,3,20 嘉義市
0019,國立高雄大學,日,博士,69,8,58,24,40,15,0,0,3,1,0,0,50 高雄市
0019,國立高雄大學,日,碩士,1,1,4,1,1,1,2,0,2,4,0,0,50 高雄市
0019,國立高雄大學,日,學士,0,0,0,0,0,0,0,0,1,0,0,0,50 高雄市
0019,國立高雄大學,日,專科,0,0,0,0,0,0,0,0,1,0,0,0,50 高雄市
0020,國立東華大學,日,博士,124,44,115,71,72,52,1,2,0,0,0,0,15 花蓮縣
0020,國立東華大學,日,碩士,2,2,2,4,2,1,16,10,0,1,0,0,15 花蓮縣
0020,國立東華大學,日,學士,0,0,0,0,0,0,0,0,1,2,0,0,15 花蓮縣
0020,國立東華大學,日,專科,0,0,0,0,0,0,0,0,1,0,0,0,15 花蓮縣
0021,國立暨南國際大學,日,博士,64,15,61,36,40,31,0,0,4,1,0,0,08 南投縣
0021,國立暨南國際大學,日,碩士,0,0,1,0,0,0,1,1,6,2,0,0,08 南投縣
0021,國立暨南國際大學,日,學士,0,0,0,0,0,0,0,0,1,1,0,0,08 南投縣
0022,國立臺灣科技大學,日,博士,184,22,98,27,79,21,0,0,0,0,0,1,30 臺北市
0022,國立臺灣科技大學,日,碩士,4,0,3,0,3,3,12,6,4,0,0,1,30 臺北市
0022,國立臺灣科技大學,日,學士,0,0,0,0,0,0,2,0,0,1,0,0,30 臺北市
0022,國立臺灣科技大學,日,其他,1,0,0,0,0,0,0,0,0,0,0,0,30 臺北市
0023,國立雲林科技大學,日,博士,112,11,98,19,42,19,0,0,1,0,0,1,09 雲林縣
0023,國立雲林科技大學,日,碩士,2,0,14,2,7,3,9,2,8,7,1,5,09 雲林縣
0023,國立雲林科技大學,日,學士,0,0,0,0,0,0,0,0,2,0,0,0,09 雲林縣
0023,國立雲林科技大學,日,專科,0,0,0,0,0,0,0,0,1,0,0,0,09 雲林縣
0024,國立屏東科技大學,日,博士,106,25,90,35,64,32,0,0,0,0,0,0,13 屏東縣
0024,國立屏東科技大學,日,碩士,2,1,5,1,2,2,9,8,4,3,0,1,13 屏東縣
0024,國立屏東科技大學,日,學士,0,0,1,1,0,0,0,0,2,0,0,1,13 屏東縣
0024,國立屏東科技大學,日,其他,0,0,1,0,0,0,0,0,0,0,0,0,13 屏東縣
0025,國立臺北科技大學,日,博士,147,13,134,25,51,20,0,0,3,3,1,0,30 臺北市
0025,國立臺北科技大學,日,碩士,4,0,10,4,2,1,13,2,6,7,1,2,30 臺北市
0025,國立臺北科技大學,日,學士,1,0,1,0,0,0,0,0,4,2,1,5,30 臺北市
0026,國立高雄第一科技大學,日,博士,70,13,79,22,36,17,0,0,6,3,0,0,12 高雄市
0026,國立高雄第一科技大學,日,碩士,0,0,1,0,3,0,3,5,1,3,0,0,12 高雄市
0026,國立高雄第一科技大學,日,學士,0,0,0,0,0,0,0,0,1,1,0,0,12 高雄市
0027,國立高雄應用科技大學,日,博士,88,10,103,22,45,18,1,0,0,0,0,0,50 高雄市
0027,國立高雄應用科技大學,日,碩士,0,0,14,2,6,3,15,9,5,2,6,4,50 高雄市
0027,國立高雄應用科技大學,日,學士,7,0,1,2,1,1,0,0,0,1,3,7,50 高雄市
0028,國立臺北藝術大學,日,博士,7,8,14,15,9,16,0,0,3,1,0,0,30 臺北市
0028,國立臺北藝術大學,日,碩士,8,6,12,11,7,5,8,3,6,9,1,3,30 臺北市
0028,國立臺北藝術大學,日,學士,0,0,0,0,0,0,0,0,5,3,0,9,30 臺北市
0028,國立臺北藝術大學,日,專科,0,0,0,0,0,0,0,0,2,0,1,0,30 臺北市
0028,國立臺北藝術大學,日,其他,0,0,0,0,0,0,0,0,7,0,0,0,30 臺北市
0029,國立臺灣藝術大學,日,博士,15,7,13,20,12,9,0,0,0,0,0,0,01 新北市
0029,國立臺灣藝術大學,日,碩士,20,9,14,7,12,3,8,3,0,1,0,0,01 新北市
0029,國立臺灣藝術大學,日,學士,3,0,2,0,0,0,1,1,1,1,0,0,01 新北市
0029,國立臺灣藝術大學,日,其他,1,0,1,0,2,0,0,0,0,0,0,0,01 新北市
0030,國立臺東大學,日,博士,22,8,41,20,40,17,0,0,1,3,0,0,14 臺東縣
0030,國立臺東大學,日,碩士,3,2,2,0,3,1,3,4,6,2,0,0,14 臺東縣
0030,國立臺東大學,日,學士,0,0,1,0,0,0,0,0,1,2,0,0,14 臺東縣
0031,國立宜蘭大學,日,博士,63,9,66,14,24,8,0,0,0,0,0,0,02 宜蘭縣
0031,國立宜蘭大學,日,碩士,2,0,5,7,1,3,16,14,1,1,2,1,02 宜蘭縣
0031,國立宜蘭大學,日,學士,0,0,1,0,0,0,0,0,1,1,0,0,02 宜蘭縣
0032,國立聯合大學,日,博士,48,6,96,20,37,11,0,2,0,1,0,0,05 苗栗縣
0032,國立聯合大學,日,碩士,2,0,9,8,6,6,16,9,3,0,1,0,05 苗栗縣
0032,國立聯合大學,日,學士,0,0,0,1,4,0,3,2,0,1,0,0,05 苗栗縣
0032,國立聯合大學,日,專科,0,0,0,0,1,0,0,0,0,0,0,0,05 苗栗縣
0033,國立虎尾科技大學,日,博士,78,4,104,28,52,13,0,0,4,1,0,0,09 雲林縣
0033,國立虎尾科技大學,日,碩士,2,0,7,3,10,1,11,5,2,2,0,0,09 雲林縣
0033,國立虎尾科技大學,日,學士,0,0,0,0,1,0,0,2,1,0,0,0,09 雲林縣
0034,國立高雄海洋科技大學,日,博士,37,5,66,23,33,9,0,0,0,0,0,0,50 高雄市
0034,國立高雄海洋科技大學,日,碩士,1,0,4,1,6,5,15,11,6,0,0,0,50 高雄市
0034,國立高雄海洋科技大學,日,學士,0,0,1,0,2,0,2,4,0,2,0,0,50 高雄市
0035,國立臺南藝術大學,日,博士,6,4,7,7,10,16,0,0,1,2,0,0,11 臺南市
0035,國立臺南藝術大學,日,碩士,2,1,6,2,6,3,1,1,7,6,0,0,11 臺南市
0035,國立臺南藝術大學,日,學士,0,0,0,0,0,0,0,0,3,1,0,0,11 臺南市
0035,國立臺南藝術大學,日,專科,0,0,0,0,0,0,0,0,1,0,0,0,11 臺南市
0035,國立臺南藝術大學,日,其他,1,2,2,1,0,4,1,0,4,0,0,0,11 臺南市
0036,國立臺南大學,日,博士,63,29,43,33,22,30,0,0,0,0,0,0,21 臺南市
0036,國立臺南大學,日,碩士,3,3,4,5,0,2,0,1,2,1,0,0,21 臺南市
0036,國立臺南大學,日,學士,1,0,0,0,0,0,1,0,1,1,0,0,21 臺南市
0037,國立臺北教育大學,日,博士,56,43,31,29,16,28,0,0,0,0,0,0,30 臺北市
0037,國立臺北教育大學,日,碩士,7,2,2,1,0,1,5,2,1,0,0,1,30 臺北市
0037,國立臺北教育大學,日,學士,0,0,0,0,0,0,0,0,2,2,0,1,30 臺北市
0038,國立新竹教育大學,日,博士,34,20,25,41,16,18,0,0,0,0,0,0,18 新竹市
0038,國立新竹教育大學,日,碩士,5,2,2,2,1,1,1,1,0,3,0,0,18 新竹市
0038,國立新竹教育大學,日,學士,0,0,0,0,0,0,1,0,0,0,0,0,18 新竹市
0039,國立臺中教育大學,日,博士,35,19,32,38,28,14,0,0,1,0,0,0,19 臺中市
0039,國立臺中教育大學,日,碩士,5,5,4,1,0,0,2,6,5,1,0,0,19 臺中市
0039,國立臺中教育大學,日,學士,0,0,0,0,0,0,0,0,0,0,0,1,19 臺中市
0042,國立澎湖科技大學,日,博士,19,4,27,12,23,8,0,0,0,0,0,0,16 澎湖縣
0042,國立澎湖科技大學,日,碩士,0,0,0,1,3,4,7,5,2,0,0,0,16 澎湖縣
0042,國立澎湖科技大學,日,學士,0,0,0,0,1,0,1,0,0,0,0,0,16 澎湖縣
0042,國立澎湖科技大學,日,專科,0,0,0,0,0,0,0,0,1,0,0,0,16 澎湖縣
0043,國立勤益科技大學,日,博士,60,12,73,21,16,6,1,0,10,2,0,0,06 臺中市
0043,國立勤益科技大學,日,碩士,3,2,15,7,18,6,16,7,2,0,0,2,06 臺中市
0043,國立勤益科技大學,日,學士,0,0,1,1,1,0,1,0,2,2,1,5,06 臺中市
0043,國立勤益科技大學,日,專科,0,0,0,0,0,0,0,0,1,0,1,2,06 臺中市
0044,國立體育大學,日,博士,18,5,15,5,10,3,0,0,0,0,0,0,03 桃園縣
0044,國立體育大學,日,碩士,2,0,10,6,3,4,3,7,1,0,0,0,03 桃園縣
0046,國立臺北護理健康大學,日,博士,11,16,19,40,7,19,0,0,1,0,0,0,30 臺北市
0046,國立臺北護理健康大學,日,碩士,1,1,1,1,0,1,1,24,0,23,0,0,30 臺北市
0047,國立高雄餐旅大學,日,博士,6,5,33,17,20,17,0,0,0,0,0,0,50 高雄市
0047,國立高雄餐旅大學,日,碩士,2,1,10,1,7,2,14,10,2,0,0,0,50 高雄市
0047,國立高雄餐旅大學,日,學士,0,0,1,0,1,0,2,0,1,1,0,0,50 高雄市
0047,國立高雄餐旅大學,日,專科,0,0,1,0,2,0,0,0,0,0,0,0,50 高雄市
0047,國立高雄餐旅大學,日,其他,1,0,0,0,0,0,0,0,0,0,0,0,50 高雄市
0048,國立金門大學,日,博士,15,1,28,10,49,16,0,0,0,0,0,0,71 金門縣
0048,國立金門大學,日,碩士,1,0,4,1,4,3,3,0,1,0,0,0,71 金門縣
0048,國立金門大學,日,學士,0,0,0,0,0,0,0,0,2,0,0,0,71 金門縣
0049,國立臺灣體育運動大學,日,博士,9,2,11,9,13,6,0,0,0,0,0,0,19 臺中市
0049,國立臺灣體育運動大學,日,碩士,5,1,6,5,7,1,9,5,1,1,0,0,19 臺中市
0049,國立臺灣體育運動大學,日,學士,0,0,0,1,1,0,1,0,4,0,0,0,19 臺中市
0050,國立臺中科技大學,日,博士,30,17,56,58,31,41,0,0,6,3,0,0,19 臺中市
0050,國立臺中科技大學,日,碩士,7,2,10,19,6,21,17,37,2,21,0,0,19 臺中市
0050,國立臺中科技大學,日,學士,2,2,2,2,0,1,0,1,3,14,0,2,19 臺中市
0051,國立臺北商業大學,日,博士,18,8,42,30,13,14,0,0,0,0,0,0,30 臺北市
0051,國立臺北商業大學,日,碩士,1,1,5,4,1,4,14,27,6,3,0,0,30 臺北市
0051,國立臺北商業大學,日,學士,0,0,0,0,0,0,1,2,2,3,1,3,30 臺北市
0052,國立屏東大學,日,博士,37,18,93,63,35,29,0,0,8,6,0,0,13 屏東縣
0052,國立屏東大學,日,碩士,2,0,4,0,3,1,15,18,8,1,0,2,13 屏東縣
0052,國立屏東大學,日,學士,0,0,0,0,0,0,0,0,0,0,0,3,13 屏東縣
0144,國立臺灣戲曲學院,日,博士,0,1,1,2,2,2,0,0,0,1,0,0,30 臺北市
0144,國立臺灣戲曲學院,日,碩士,1,0,1,1,1,4,4,2,4,1,0,0,30 臺北市
0144,國立臺灣戲曲學院,日,學士,0,0,0,0,0,0,0,0,2,1,0,0,30 臺北市
0144,國立臺灣戲曲學院,日,專科,0,0,0,0,0,0,0,0,1,0,0,0,30 臺北市
0144,國立臺灣戲曲學院,日,其他,0,0,0,0,0,0,0,0,1,1,0,0,30 臺北市
0221,國立臺南護理專科學校,日,博士,3,1,7,7,5,13,0,0,0,0,0,0,21 臺南市
0221,國立臺南護理專科學校,日,碩士,0,0,0,1,0,1,1,13,0,0,0,0,21 臺南市
0221,國立臺南護理專科學校,日,學士,0,0,0,0,0,0,0,0,1,1,0,0,21 臺南市
0222,國立臺東專科學校,日,博士,7,1,7,2,12,6,0,0,0,0,0,0,14 臺東縣
0222,國立臺東專科學校,日,碩士,0,0,0,0,0,2,10,10,4,1,0,0,14 臺東縣
0222,國立臺東專科學校,日,學士,0,0,0,0,0,0,0,0,3,1,0,0,14 臺東縣
0222,國立臺東專科學校,日,專科,0,0,0,0,0,0,0,0,1,0,0,0,14 臺東縣
1001,東海大學,日,博士,110,18,114,47,88,55,0,2,0,0,0,0,19 臺中市
1001,東海大學,日,碩士,9,3,12,5,3,2,24,18,5,7,2,3,19 臺中市
1001,東海大學,日,學士,1,0,3,0,0,0,1,0,5,3,2,1,19 臺中市
1001,東海大學,日,專科,0,0,0,1,0,0,0,0,0,0,0,0,19 臺中市
1002,輔仁大學,日,博士,83,48,136,102,113,94,0,0,6,2,0,0,01 新北市
1002,輔仁大學,日,碩士,10,4,17,17,5,4,18,25,10,7,0,0,01 新北市
1002,輔仁大學,日,學士,2,2,3,2,0,0,2,1,3,1,0,0,01 新北市
1002,輔仁大學,日,其他,0,0,0,0,0,0,0,0,1,0,0,0,01 新北市
1003,東吳大學,日,博士,91,38,74,64,41,32,0,0,4,2,0,0,30 臺北市
1003,東吳大學,日,碩士,6,5,8,14,0,0,16,23,9,3,0,2,30 臺北市
1003,東吳大學,日,學士,0,1,2,3,0,0,2,0,4,0,0,0,30 臺北市
1003,東吳大學,日,專科,0,0,0,0,0,0,0,0,1,0,0,0,30 臺北市
1003,東吳大學,日,其他,0,0,1,0,0,0,1,0,0,1,0,0,30 臺北市
1004,中原大學,日,博士,114,18,99,44,101,62,1,0,0,0,0,0,03 桃園縣
1004,中原大學,日,碩士,3,0,9,3,4,1,13,12,13,6,0,0,03 桃園縣
1004,中原大學,日,學士,0,0,1,0,0,0,0,0,0,1,0,0,03 桃園縣
1005,淡江大學,日,博士,180,47,199,93,88,101,0,0,0,0,0,0,01 新北市
1005,淡江大學,日,碩士,4,2,13,10,2,1,22,15,17,10,0,0,01 新北市
1005,淡江大學,日,學士,1,2,3,2,0,0,0,0,6,0,0,2,01 新北市
1005,淡江大學,日,專科,1,0,0,0,0,0,0,0,0,0,0,0,01 新北市
1006,中國文化大學,日,博士,122,32,139,79,121,83,0,0,2,2,0,0,30 臺北市
1006,中國文化大學,日,碩士,9,7,19,12,13,4,21,12,17,10,0,0,30 臺北市
1006,中國文化大學,日,學士,3,2,3,6,1,0,0,2,8,2,0,0,30 臺北市
1006,中國文化大學,日,專科,0,1,0,0,0,0,0,0,0,1,0,0,30 臺北市
1006,中國文化大學,日,其他,0,0,0,0,0,0,0,0,2,0,0,0,30 臺北市
1006,中國文化大學,修,博士,3,0,11,3,11,8,0,0,2,1,0,0,30 臺北市
1006,中國文化大學,修,碩士,0,0,0,0,0,1,5,8,1,3,0,0,30 臺北市
1007,逢甲大學,日,博士,153,19,183,44,89,38,2,1,3,0,0,0,19 臺中市
1007,逢甲大學,日,碩士,1,1,9,2,5,0,34,24,16,3,0,1,19 臺中市
1007,逢甲大學,日,學士,1,0,0,0,0,0,1,1,2,2,0,0,19 臺中市
1007,逢甲大學,日,專科,0,0,1,0,0,0,0,1,0,1,0,0,19 臺中市
1008,靜宜大學,日,博士,62,18,70,61,46,39,2,1,0,0,0,0,06 臺中市
1008,靜宜大學,日,碩士,2,3,9,1,3,1,21,22,1,2,0,0,06 臺中市
1008,靜宜大學,日,學士,1,1,0,2,0,0,1,1,4,0,0,0,06 臺中市
1009,長庚大學,日,博士,105,28,97,35,111,72,0,2,1,0,0,0,03 桃園縣
1009,長庚大學,日,碩士,0,1,1,2,8,6,9,15,1,1,0,0,03 桃園縣
1009,長庚大學,日,學士,19,3,26,6,27,2,8,3,3,2,0,0,03 桃園縣
1010,元智大學,日,博士,69,10,70,31,68,43,0,1,0,0,0,0,03 桃園縣
1010,元智大學,日,碩士,2,0,0,2,4,2,11,3,5,1,0,0,03 桃園縣
1010,元智大學,日,學士,0,0,1,0,1,1,1,0,0,1,0,0,03 桃園縣
1011,中華大學,日,博士,58,8,65,22,41,30,0,0,2,1,0,0,18 新竹市
1011,中華大學,日,碩士,1,0,5,4,3,2,9,31,6,3,0,0,18 新竹市
1011,中華大學,日,學士,1,0,0,0,0,0,1,0,2,1,0,0,18 新竹市
1012,大葉大學,日,博士,41,6,75,21,54,34,0,1,2,2,0,0,07 彰化縣
1012,大葉大學,日,碩士,1,0,9,5,18,16,6,6,12,10,0,0,07 彰化縣
1012,大葉大學,日,學士,0,0,0,0,0,0,0,0,5,0,0,0,07 彰化縣
1012,大葉大學,日,專科,0,0,0,0,0,0,0,0,1,0,0,0,07 彰化縣
1012,大葉大學,日,其他,0,0,0,0,0,0,0,0,1,0,0,0,07 彰化縣
1013,華梵大學,日,博士,16,1,37,12,24,13,0,0,0,0,0,0,01 新北市
1013,華梵大學,日,碩士,2,0,1,1,7,2,8,2,2,2,0,0,01 新北市
1013,華梵大學,日,學士,0,0,0,0,0,0,0,0,2,0,0,1,01 新北市
1014,義守大學,日,博士,75,19,142,36,99,78,1,0,10,5,0,0,12 高雄市
1014,義守大學,日,碩士,1,0,3,1,1,1,14,12,10,3,0,0,12 高雄市
1014,義守大學,日,學士,1,0,3,0,2,0,1,0,3,2,0,0,12 高雄市
1014,義守大學,日,其他,0,0,0,0,0,0,0,0,2,0,0,0,12 高雄市
1015,世新大學,日,博士,49,24,61,53,35,25,0,1,1,0,0,0,30 臺北市
1015,世新大學,日,碩士,7,0,8,2,4,4,15,8,6,4,0,0,30 臺北市
1015,世新大學,日,學士,0,0,0,1,0,0,2,0,4,1,0,0,30 臺北市
1015,世新大學,日,其他,0,0,0,0,0,0,0,0,2,0,0,0,30 臺北市
1016,銘傳大學,日,博士,56,18,124,72,115,100,0,1,7,0,0,0,30 臺北市
1016,銘傳大學,日,碩士,4,0,12,10,10,5,28,24,4,1,1,0,30 臺北市
1016,銘傳大學,日,學士,0,1,1,1,0,0,1,1,3,0,0,0,30 臺北市
1016,銘傳大學,日,專科,0,0,0,0,0,1,0,0,0,0,0,0,30 臺北市
1016,銘傳大學,日,其他,0,0,0,0,0,0,0,0,1,0,0,0,30 臺北市
1017,實踐大學,日,博士,21,11,66,33,56,35,0,0,21,24,0,0,30 臺北市
1017,實踐大學,日,碩士,5,2,16,9,18,13,11,23,13,22,0,0,30 臺北市
1017,實踐大學,日,學士,3,0,4,0,0,0,1,1,5,3,0,0,30 臺北市
1017,實踐大學,日,其他,0,0,0,0,0,0,0,0,2,1,0,0,30 臺北市
1018,朝陽科技大學,日,博士,43,10,89,39,81,47,1,1,3,0,0,0,06 臺中市
1018,朝陽科技大學,日,碩士,3,3,6,1,12,10,14,10,17,11,0,0,06 臺中市
1018,朝陽科技大學,日,學士,0,0,0,0,1,0,0,0,2,0,0,0,06 臺中市
1019,高雄醫學大學,日,博士,91,39,77,42,70,67,1,0,10,1,0,0,50 高雄市
1019,高雄醫學大學,日,碩士,11,1,11,4,27,12,8,11,5,3,0,1,50 高雄市
1019,高雄醫學大學,日,學士,16,1,11,2,22,2,3,1,5,0,0,0,50 高雄市
1020,南華大學,日,博士,26,5,44,21,65,39,0,0,1,1,0,0,10 嘉義縣
1020,南華大學,日,碩士,0,0,4,2,0,4,2,0,3,2,0,0,10 嘉義縣
1020,南華大學,日,學士,0,0,0,0,0,0,0,0,3,0,0,0,10 嘉義縣
1021,真理大學,日,博士,22,2,62,23,71,50,0,0,0,0,0,0,01 新北市
1021,真理大學,日,碩士,6,0,15,6,8,6,23,22,3,0,0,0,01 新北市
1021,真理大學,日,學士,0,0,1,0,0,0,1,3,0,2,0,0,01 新北市
1021,真理大學,日,專科,0,0,0,0,0,0,0,0,1,0,0,0,01 新北市
1021,真理大學,日,其他,0,0,0,0,0,0,0,0,1,1,0,0,01 新北市
1022,大同大學,日,博士,53,5,35,10,26,17,0,0,0,0,0,0,30 臺北市
1022,大同大學,日,碩士,6,0,4,0,4,0,17,10,2,1,0,0,30 臺北市
1022,大同大學,日,學士,0,0,0,0,0,0,1,0,0,0,0,0,30 臺北市
1023,南臺科技大學,日,博士,76,8,149,31,103,63,1,2,0,0,0,0,11 臺南市
1023,南臺科技大學,日,碩士,0,0,20,6,9,5,34,35,4,3,0,2,11 臺南市
1023,南臺科技大學,日,學士,2,0,3,0,5,1,8,0,3,0,2,5,11 臺南市
1023,南臺科技大學,日,專科,0,0,0,0,0,0,0,0,0,0,3,0,11 臺南市
1024,崑山科技大學,日,博士,50,2,95,33,66,26,0,0,1,0,0,0,11 臺南市
1024,崑山科技大學,日,碩士,5,1,10,9,13,7,28,30,6,5,0,0,11 臺南市
1024,崑山科技大學,日,學士,0,0,4,0,1,0,2,0,6,1,0,0,11 臺南市
1024,崑山科技大學,日,專科,0,0,1,0,0,0,0,0,1,0,0,0,11 臺南市
1025,嘉南藥理大學,日,博士,43,15,82,54,79,45,0,2,2,0,0,0,11 臺南市
1025,嘉南藥理大學,日,碩士,4,2,5,14,34,41,15,11,7,13,0,0,11 臺南市
1025,嘉南藥理大學,日,學士,0,0,2,0,13,0,3,0,3,5,0,0,11 臺南市
1025,嘉南藥理大學,日,其他,0,0,0,0,0,0,0,0,1,0,0,0,11 臺南市
1026,樹德科技大學,日,博士,21,1,47,17,72,35,0,0,0,0,0,0,12 高雄市
1026,樹德科技大學,日,碩士,2,1,8,1,16,20,10,11,2,0,0,0,12 高雄市
1026,樹德科技大學,日,學士,1,0,0,0,1,1,0,0,0,0,0,0,12 高雄市
1026,樹德科技大學,日,專科,0,0,0,0,1,2,0,0,0,0,0,0,12 高雄市
1026,樹德科技大學,日,其他,0,0,0,0,1,1,0,0,0,0,0,0,12 高雄市
1027,慈濟大學,日,博士,26,17,42,34,44,61,0,0,0,2,0,0,15 花蓮縣
1027,慈濟大學,日,碩士,2,0,1,2,4,2,7,9,0,4,0,0,15 花蓮縣
1028,臺北醫學大學,日,博士,93,40,63,43,88,68,0,0,0,0,0,0,30 臺北市
1028,臺北醫學大學,日,碩士,7,2,15,9,17,6,7,4,1,2,0,0,30 臺北市
1028,臺北醫學大學,日,學士,21,1,25,4,24,3,9,2,1,0,0,0,30 臺北市
1029,中山醫學大學,日,博士,83,35,82,48,49,55,3,2,10,1,0,0,19 臺中市
1029,中山醫學大學,日,碩士,5,2,8,4,8,7,13,14,5,4,0,0,19 臺中市
1029,中山醫學大學,日,學士,2,0,2,0,4,0,0,1,4,0,0,0,19 臺中市
1030,龍華科技大學,日,博士,28,4,66,14,57,14,1,0,3,1,0,0,03 桃園縣
1030,龍華科技大學,日,碩士,0,0,4,1,13,3,19,13,6,3,0,0,03 桃園縣
1030,龍華科技大學,日,學士,0,0,1,0,0,0,1,2,0,1,0,0,03 桃園縣
1030,龍華科技大學,日,專科,0,0,0,0,0,0,0,0,1,0,0,0,03 桃園縣
1031,輔英科技大學,日,博士,15,3,41,31,23,41,0,2,0,0,0,0,12 高雄市
1031,輔英科技大學,日,碩士,1,1,5,5,6,10,20,88,3,41,0,1,12 高雄市
1031,輔英科技大學,日,學士,0,0,1,0,1,2,1,3,1,32,0,1,12 高雄市
1032,明新科技大學,日,博士,25,2,103,33,50,31,2,3,3,0,0,0,04 新竹縣
1032,明新科技大學,日,碩士,1,0,6,4,15,8,48,38,4,3,0,0,04 新竹縣
1032,明新科技大學,日,學士,0,0,0,0,1,0,4,0,1,4,0,0,04 新竹縣
1032,明新科技大學,日,專科,0,0,0,0,0,0,0,0,1,0,0,0,04 新竹縣
1032,明新科技大學,日,其他,0,0,0,0,0,0,0,0,1,0,0,0,04 新竹縣
1033,長榮大學,日,博士,40,6,51,41,64,47,0,0,7,4,0,0,11 臺南市
1033,長榮大學,日,碩士,7,0,2,2,8,12,9,14,8,10,0,0,11 臺南市
1033,長榮大學,日,學士,1,0,1,0,0,0,0,0,2,1,0,0,11 臺南市
1034,弘光科技大學,日,博士,30,15,40,52,25,33,0,0,6,6,0,0,06 臺中市
1034,弘光科技大學,日,碩士,2,0,5,2,3,6,4,30,13,39,0,2,06 臺中市
1034,弘光科技大學,日,學士,1,0,0,0,0,0,0,0,2,22,0,2,06 臺中市
1034,弘光科技大學,日,專科,0,1,0,0,0,0,0,0,2,0,0,0,06 臺中市
1034,弘光科技大學,日,其他,0,0,0,0,0,0,0,0,4,1,0,0,06 臺中市
1035,中國醫藥大學,日,博士,83,31,104,71,49,39,0,0,11,5,0,0,19 臺中市
1035,中國醫藥大學,日,碩士,6,0,9,3,16,3,2,3,7,7,0,0,19 臺中市
1035,中國醫藥大學,日,學士,13,1,13,1,15,1,1,0,8,1,0,0,19 臺中市
1035,中國醫藥大學,日,專科,0,0,0,1,0,0,0,0,0,0,0,0,19 臺中市
1035,中國醫藥大學,修,博士,1,0,3,0,0,0,0,0,0,0,0,0,19 臺中市
1035,中國醫藥大學,修,學士,0,0,0,0,0,1,0,0,0,0,0,0,19 臺中市
1035,中國醫藥大學,修,專科,0,0,0,0,2,0,0,0,0,0,0,0,19 臺中市
1036,健行科技大學,日,博士,31,2,87,21,68,38,1,0,0,0,0,0,03 桃園縣
1036,健行科技大學,日,碩士,0,0,4,0,9,2,33,18,5,4,0,0,03 桃園縣
1036,健行科技大學,日,學士,0,0,2,0,0,0,3,1,1,2,0,0,03 桃園縣
1036,健行科技大學,日,專科,0,0,1,1,0,0,1,0,2,0,0,0,03 桃園縣
1037,正修科技大學,日,博士,45,4,87,26,54,27,2,1,4,0,0,0,12 高雄市
1037,正修科技大學,日,碩士,8,1,12,4,28,12,42,23,18,10,0,0,12 高雄市
1037,正修科技大學,日,學士,2,0,4,3,2,1,6,0,5,2,0,0,12 高雄市
1037,正修科技大學,日,專科,0,0,0,0,0,0,0,0,1,0,0,0,12 高雄市
1038,萬能科技大學,日,博士,21,2,54,14,42,14,2,0,0,0,0,0,03 桃園縣
1038,萬能科技大學,日,碩士,0,1,9,5,14,4,47,32,1,3,0,0,03 桃園縣
1038,萬能科技大學,日,學士,0,1,3,0,1,0,3,1,3,0,0,0,03 桃園縣
1038,萬能科技大學,日,專科,0,0,0,0,1,0,3,0,0,0,0,0,03 桃園縣
1038,萬能科技大學,日,其他,0,0,0,0,0,0,1,0,0,0,0,0,03 桃園縣
1039,玄奘大學,日,博士,4,1,18,4,40,36,0,0,1,0,0,0,18 新竹市
1039,玄奘大學,日,碩士,1,0,1,1,6,4,15,18,5,1,0,0,18 新竹市
1039,玄奘大學,日,學士,0,1,0,0,0,0,0,0,0,0,0,0,18 新竹市
1039,玄奘大學,日,專科,0,0,0,0,0,0,0,0,1,0,0,0,18 新竹市
1039,玄奘大學,日,其他,0,0,0,0,0,0,0,0,1,0,0,0,18 新竹市
1040,建國科技大學,日,博士,17,1,76,18,45,22,1,1,0,0,0,0,07 彰化縣
1040,建國科技大學,日,碩士,3,0,7,1,12,9,30,19,9,6,0,0,07 彰化縣
1040,建國科技大學,日,學士,0,0,2,0,0,0,2,0,2,0,0,0,07 彰化縣
1041,明志科技大學,日,博士,28,3,51,8,50,8,0,0,0,0,0,0,01 新北市
1041,明志科技大學,日,碩士,1,0,3,0,5,1,19,6,2,1,0,0,01 新北市
1041,明志科技大學,日,學士,0,0,0,0,0,0,3,0,1,0,0,0,01 新北市
1041,明志科技大學,日,專科,0,0,1,0,0,0,1,0,0,0,0,0,01 新北市
1042,高苑科技大學,日,博士,21,0,73,12,61,15,0,0,0,0,0,0,12 高雄市
1042,高苑科技大學,日,碩士,4,0,10,3,21,5,27,23,3,1,0,0,12 高雄市
1042,高苑科技大學,日,學士,0,0,0,0,0,0,0,0,4,0,0,0,12 高雄市
1043,大仁科技大學,日,博士,21,4,54,34,28,19,1,0,1,1,0,0,13 屏東縣
1043,大仁科技大學,日,碩士,1,0,11,3,15,6,31,44,12,7,0,0,13 屏東縣
1043,大仁科技大學,日,學士,1,0,4,1,1,0,0,0,1,2,0,0,13 屏東縣
1043,大仁科技大學,日,專科,0,0,0,0,0,0,0,0,1,0,0,0,13 屏東縣
1044,聖約翰科技大學,日,博士,22,1,69,11,29,19,0,0,0,0,0,0,01 新北市
1044,聖約翰科技大學,日,碩士,0,1,8,0,14,1,23,14,5,2,0,0,01 新北市
1044,聖約翰科技大學,日,學士,1,0,0,0,0,0,2,0,1,1,0,0,01 新北市
1044,聖約翰科技大學,日,其他,0,0,0,0,0,0,0,0,4,1,0,0,01 新北市
1045,嶺東科技大學,日,博士,13,2,51,41,31,18,0,0,1,0,0,0,19 臺中市
1045,嶺東科技大學,日,碩士,2,0,8,4,16,16,15,15,9,7,0,0,19 臺中市
1045,嶺東科技大學,日,學士,0,0,0,1,0,0,0,0,3,2,0,0,19 臺中市
1045,嶺東科技大學,日,專科,0,0,1,0,1,0,0,0,1,0,0,0,19 臺中市
1046,中國科技大學,日,博士,16,1,35,18,59,28,0,0,0,0,0,0,30 臺北市
1046,中國科技大學,日,碩士,2,0,11,7,19,3,46,34,0,4,0,0,30 臺北市
1046,中國科技大學,日,學士,0,0,1,0,1,0,3,0,2,1,0,0,30 臺北市
1046,中國科技大學,修,博士,0,0,3,1,5,4,0,0,0,0,0,0,30 臺北市
1046,中國科技大學,修,碩士,0,0,0,0,2,1,12,7,0,0,0,0,30 臺北市
1047,中臺科技大學,日,博士,20,10,43,39,38,39,0,2,0,0,0,0,19 臺中市
1047,中臺科技大學,日,碩士,1,1,7,3,7,2,19,29,3,2,0,0,19 臺中市
1047,中臺科技大學,日,學士,0,0,1,2,0,1,1,0,3,0,0,0,19 臺中市
1047,中臺科技大學,日,其他,0,0,0,1,0,0,0,0,0,0,0,0,19 臺中市
1048,亞洲大學,日,博士,40,11,71,29,76,66,0,0,0,0,0,0,06 臺中市
1048,亞洲大學,日,碩士,10,0,5,6,7,11,16,12,0,3,0,0,06 臺中市
1048,亞洲大學,日,學士,1,0,0,0,1,0,0,0,2,0,0,0,06 臺中市
1049,開南大學,日,博士,18,4,60,19,80,65,0,0,20,2,0,0,03 桃園縣
1049,開南大學,日,碩士,1,0,4,0,3,0,1,1,3,7,0,0,03 桃園縣
1049,開南大學,日,學士,0,0,0,0,0,0,0,0,2,1,0,0,03 桃園縣
1049,開南大學,日,專科,0,0,0,0,0,0,0,0,1,0,0,0,03 桃園縣
1049,開南大學,日,其他,0,0,0,0,0,0,0,0,1,0,0,0,03 桃園縣
1050,佛光大學,日,博士,16,3,43,15,32,26,0,0,2,2,0,0,02 宜蘭縣
1050,佛光大學,日,碩士,2,0,2,0,7,0,3,1,0,2,0,0,02 宜蘭縣
1050,佛光大學,日,學士,3,0,1,0,0,0,0,0,1,0,0,0,02 宜蘭縣
1051,台南應用科技大學,日,博士,10,3,20,29,30,24,0,0,0,0,0,0,11 臺南市
1051,台南應用科技大學,日,碩士,8,3,13,23,18,31,27,45,12,7,0,0,11 臺南市
1051,台南應用科技大學,日,學士,0,0,4,0,1,4,2,6,4,3,0,0,11 臺南市
1051,台南應用科技大學,日,專科,0,0,0,2,0,0,0,0,3,2,0,0,11 臺南市
1051,台南應用科技大學,日,其他,0,0,0,0,0,0,0,0,2,0,0,0,11 臺南市
1052,遠東科技大學,日,博士,30,0,52,13,46,16,0,0,0,0,0,0,11 臺南市
1052,遠東科技大學,日,碩士,0,0,10,4,34,10,28,13,1,2,0,1,11 臺南市
1052,遠東科技大學,日,學士,1,0,0,0,9,2,3,3,0,1,1,0,11 臺南市
1052,遠東科技大學,日,其他,0,0,0,0,1,0,0,0,0,0,0,0,11 臺南市
1053,元培醫事科技大學,日,博士,13,5,34,15,41,43,1,0,0,0,0,0,18 新竹市
1053,元培醫事科技大學,日,碩士,0,1,3,2,4,1,25,28,5,1,0,1,18 新竹市
1053,元培醫事科技大學,日,學士,0,0,2,0,0,1,0,1,1,3,0,0,18 新竹市
1053,元培醫事科技大學,日,專科,0,0,0,0,0,0,0,0,1,0,0,0,18 新竹市
1053,元培醫事科技大學,日,其他,0,0,0,0,0,0,0,0,1,0,0,0,18 新竹市
1054,景文科技大學,日,博士,11,1,40,29,32,20,0,2,1,0,0,0,01 新北市
1054,景文科技大學,日,碩士,2,0,7,8,11,5,27,48,7,4,0,0,01 新北市
1054,景文科技大學,日,學士,0,1,0,0,0,0,1,0,3,2,0,0,01 新北市
1054,景文科技大學,日,專科,0,0,0,0,0,0,0,0,2,1,0,0,01 新北市
1054,景文科技大學,日,其他,0,0,0,0,0,0,0,0,2,0,0,0,01 新北市
1055,中華醫事科技大學,日,博士,16,2,29,44,26,28,0,1,0,0,0,0,11 臺南市
1055,中華醫事科技大學,日,碩士,3,0,9,6,14,14,30,60,2,2,0,0,11 臺南市
1055,中華醫事科技大學,日,學士,1,0,2,2,2,1,2,4,1,1,0,6,11 臺南市
1055,中華醫事科技大學,日,專科,0,0,0,0,0,0,0,0,2,0,0,0,11 臺南市
1056,東南科技大學,日,博士,12,0,54,10,39,17,0,1,0,1,0,0,01 新北市
1056,東南科技大學,日,碩士,2,0,6,2,3,6,31,18,12,5,0,0,01 新北市
1056,東南科技大學,日,學士,1,0,1,0,3,0,0,0,2,0,0,0,01 新北市
1056,東南科技大學,日,專科,0,0,0,0,0,0,0,0,1,0,0,0,01 新北市
1056,東南科技大學,日,其他,0,0,0,0,0,0,0,0,1,0,0,0,01 新北市
1057,德明財經科技大學,日,博士,9,3,40,26,30,28,1,1,0,0,0,0,30 臺北市
1057,德明財經科技大學,日,碩士,4,2,7,9,17,16,16,36,0,0,0,0,30 臺北市
1057,德明財經科技大學,日,學士,0,0,0,1,0,0,0,0,0,0,0,0,30 臺北市
1058,明道大學,日,博士,16,4,25,5,53,33,0,0,0,0,0,0,07 彰化縣
1058,明道大學,日,碩士,2,0,2,0,3,10,10,2,2,3,0,0,07 彰化縣
1058,明道大學,日,學士,0,0,2,0,3,0,0,0,1,0,0,0,07 彰化縣
1058,明道大學,日,其他,0,0,0,0,2,1,0,0,0,0,0,0,07 彰化縣
1059,康寧大學,日,博士,7,0,5,2,15,16,0,0,1,1,0,0,21 臺南市
1059,康寧大學,日,碩士,0,0,1,0,1,1,11,6,6,7,0,0,21 臺南市
1059,康寧大學,日,學士,0,0,0,0,0,0,0,0,0,1,0,0,21 臺南市
1060,南開科技大學,日,博士,23,1,42,13,30,9,2,0,0,0,0,0,08 南投縣
1060,南開科技大學,日,碩士,4,0,10,1,14,7,21,8,5,0,0,0,08 南投縣
1060,南開科技大學,日,學士,1,0,2,0,0,1,3,0,5,1,0,0,08 南投縣
1060,南開科技大學,日,其他,0,0,0,0,0,0,0,0,1,0,0,0,08 南投縣
1061,中華科技大學,日,博士,15,1,63,12,59,22,3,1,2,0,0,0,30 臺北市
1061,中華科技大學,日,碩士,0,0,3,2,5,5,52,19,5,2,0,0,30 臺北市
1061,中華科技大學,日,學士,0,0,0,0,0,0,2,0,5,1,1,0,30 臺北市
1061,中華科技大學,日,其他,0,0,0,0,0,0,0,0,1,0,0,0,30 臺北市
1062,僑光科技大學,日,博士,8,3,39,27,47,16,1,3,2,2,0,0,19 臺中市
1062,僑光科技大學,日,碩士,0,0,8,5,5,4,26,32,12,10,0,0,19 臺中市
1062,僑光科技大學,日,學士,0,0,0,1,0,0,0,0,0,2,0,0,19 臺中市
1062,僑光科技大學,日,專科,0,0,0,0,0,0,0,0,2,0,0,0,19 臺中市
1063,育達科技大學,日,博士,12,2,25,18,31,23,1,2,2,3,0,0,05 苗栗縣
1063,育達科技大學,日,碩士,4,0,2,1,6,4,19,15,4,8,0,0,05 苗栗縣
1063,育達科技大學,日,學士,0,0,1,0,0,0,0,0,4,3,0,0,05 苗栗縣
1063,育達科技大學,日,專科,0,0,0,0,0,0,0,0,3,1,0,0,05 苗栗縣
1063,育達科技大學,日,其他,0,0,0,0,0,0,0,0,1,0,0,0,05 苗栗縣
1064,美和科技大學,日,博士,9,2,28,16,35,37,0,2,0,0,0,0,13 屏東縣
1064,美和科技大學,日,碩士,1,0,9,2,10,12,15,31,2,44,0,0,13 屏東縣
1064,美和科技大學,日,學士,0,0,0,0,2,0,1,0,1,0,0,0,13 屏東縣
1064,美和科技大學,日,專科,0,0,0,0,0,0,1,0,0,0,0,0,13 屏東縣
1065,吳鳳科技大學,日,博士,7,0,45,5,24,18,0,2,0,0,0,0,10 嘉義縣
1065,吳鳳科技大學,日,碩士,1,0,7,0,7,4,17,16,1,2,0,0,10 嘉義縣
1065,吳鳳科技大學,日,學士,0,0,0,0,0,0,1,0,0,0,0,0,10 嘉義縣
1065,吳鳳科技大學,日,專科,0,0,0,0,1,0,1,0,0,0,0,0,10 嘉義縣
1065,吳鳳科技大學,日,其他,0,0,0,0,0,0,0,0,1,0,0,0,10 嘉義縣
1066,環球科技大學,日,博士,8,1,18,5,37,25,0,1,0,0,0,0,09 雲林縣
1066,環球科技大學,日,碩士,1,0,3,2,13,11,27,21,14,4,0,0,09 雲林縣
1066,環球科技大學,日,學士,0,0,1,0,0,0,0,0,3,1,0,0,09 雲林縣
1066,環球科技大學,日,專科,0,0,0,0,0,0,0,0,2,2,0,0,09 雲林縣
1066,環球科技大學,日,其他,0,0,0,0,0,0,0,0,0,1,0,0,09 雲林縣
1067,台灣首府大學,日,博士,5,1,22,1,47,30,0,0,0,0,0,0,11 臺南市
1067,台灣首府大學,日,碩士,1,0,2,0,8,2,5,7,0,0,0,0,11 臺南市
1067,台灣首府大學,日,學士,0,0,1,0,0,0,0,1,3,2,0,0,11 臺南市
1067,台灣首府大學,日,專科,0,0,0,0,0,0,0,0,1,0,0,0,11 臺南市
1067,台灣首府大學,日,其他,0,0,0,0,2,0,0,0,0,0,0,0,11 臺南市
1068,中州科技大學,日,博士,6,0,33,8,36,14,1,0,0,0,0,0,07 彰化縣
1068,中州科技大學,日,碩士,1,0,5,2,3,4,12,18,0,0,0,0,07 彰化縣
1068,中州科技大學,日,學士,0,0,0,0,2,0,0,0,0,0,0,0,07 彰化縣
1068,中州科技大學,日,專科,0,0,1,0,2,0,0,0,0,0,0,0,07 彰化縣
1068,中州科技大學,日,其他,0,0,0,0,0,0,0,0,2,2,0,0,07 彰化縣
1069,修平科技大學,日,博士,22,0,57,6,50,15,2,2,0,0,0,0,06 臺中市
1069,修平科技大學,日,碩士,3,0,3,5,14,4,31,14,3,1,0,0,06 臺中市
1069,修平科技大學,日,學士,1,0,2,0,1,0,3,3,1,1,0,0,06 臺中市
1069,修平科技大學,日,專科,0,0,0,0,0,0,1,0,0,0,0,0,06 臺中市
1070,長庚科技大學,日,博士,7,8,22,50,16,52,0,3,0,0,0,0,03 桃園縣
1070,長庚科技大學,日,碩士,0,0,1,1,5,7,11,87,2,54,0,12,03 桃園縣
1070,長庚科技大學,日,學士,0,0,0,0,0,0,0,0,1,20,0,6,03 桃園縣
1071,臺北城市科技大學,日,博士,9,0,70,19,29,14,2,1,1,0,0,0,30 臺北市
1071,臺北城市科技大學,日,碩士,1,0,12,2,4,0,40,36,11,7,0,0,30 臺北市
1071,臺北城市科技大學,日,學士,1,0,0,0,0,0,1,1,2,3,0,0,30 臺北市
1071,臺北城市科技大學,日,專科,0,0,0,0,0,0,0,0,2,0,0,0,30 臺北市
1072,大華科技大學,日,博士,0,0,31,14,12,11,1,0,0,0,0,0,04 新竹縣
1072,大華科技大學,日,碩士,10,1,3,1,5,4,24,17,2,5,0,0,04 新竹縣
1072,大華科技大學,日,學士,1,1,0,1,1,1,1,0,2,1,0,0,04 新竹縣
1072,大華科技大學,日,專科,0,0,0,0,0,0,0,0,1,0,0,0,04 新竹縣
1072,大華科技大學,日,其他,0,0,0,0,0,0,0,0,1,0,0,0,04 新竹縣
1073,醒吾科技大學,日,博士,9,2,31,26,40,16,1,1,2,0,0,0,01 新北市
1073,醒吾科技大學,日,碩士,4,0,4,10,3,4,21,57,14,4,0,0,01 新北市
1073,醒吾科技大學,日,學士,0,0,0,0,0,0,1,3,4,1,0,0,01 新北市
1073,醒吾科技大學,日,專科,0,0,0,0,0,0,0,0,1,0,0,0,01 新北市
1074,南榮科技大學,日,博士,7,0,35,12,17,6,0,0,0,0,0,0,11 臺南市
1074,南榮科技大學,日,碩士,0,0,2,0,6,4,20,12,2,3,0,0,11 臺南市
1074,南榮科技大學,日,學士,0,0,1,0,1,1,2,0,1,0,0,0,11 臺南市
1075,文藻外語大學,日,博士,10,3,30,30,46,63,0,0,4,8,0,0,50 高雄市
1075,文藻外語大學,日,碩士,2,0,3,5,3,1,13,48,8,28,0,0,50 高雄市
1075,文藻外語大學,日,學士,0,0,0,0,0,0,1,1,1,1,0,0,50 高雄市
1076,華夏科技大學,日,博士,13,0,43,7,28,10,0,0,1,0,0,0,01 新北市
1076,華夏科技大學,日,碩士,0,0,5,1,3,0,40,22,2,0,0,0,01 新北市
1076,華夏科技大學,日,學士,0,0,1,0,0,0,3,0,2,7,0,0,01 新北市
1076,華夏科技大學,日,專科,0,0,0,0,0,0,0,0,0,1,0,0,01 新北市
1125,興國管理學院,日,博士,2,0,2,0,9,2,0,0,0,0,0,0,21 臺南市
1125,興國管理學院,日,碩士,1,0,1,0,6,1,1,4,1,2,0,0,21 臺南市
1125,興國管理學院,日,學士,0,0,0,0,0,0,0,0,1,1,0,0,21 臺南市
1125,興國管理學院,日,專科,0,0,0,0,0,0,0,0,0,1,0,0,21 臺南市
1148,大漢技術學院,日,博士,2,0,12,2,7,2,2,1,0,0,0,0,15 花蓮縣
1148,大漢技術學院,日,碩士,0,0,0,0,6,1,6,11,2,0,0,0,15 花蓮縣
1148,大漢技術學院,日,學士,0,0,1,0,0,0,1,2,0,0,0,0,15 花蓮縣
1150,慈濟技術學院,日,博士,1,0,16,19,22,21,2,2,0,0,0,0,15 花蓮縣
1150,慈濟技術學院,日,碩士,1,0,2,3,1,0,2,48,0,2,0,0,15 花蓮縣
1150,慈濟技術學院,日,學士,0,0,0,0,0,0,0,1,0,6,0,1,15 花蓮縣
1159,和春技術學院,日,博士,1,0,21,4,22,12,2,0,0,0,0,0,12 高雄市
1159,和春技術學院,日,碩士,0,0,1,0,0,0,15,12,2,2,0,0,12 高雄市
1159,和春技術學院,日,學士,0,0,0,1,0,0,0,0,5,6,0,0,12 高雄市
1159,和春技術學院,日,專科,0,0,0,0,0,0,0,0,3,1,0,0,12 高雄市
1159,和春技術學院,日,其他,0,0,0,0,0,0,0,0,8,1,0,0,12 高雄市
1164,致理技術學院,日,博士,12,3,34,33,41,38,0,1,0,0,0,0,01 新北市
1164,致理技術學院,日,碩士,0,0,4,10,4,8,20,31,2,4,0,0,01 新北市
1164,致理技術學院,日,學士,2,0,1,2,0,0,2,4,0,0,0,0,01 新北市
1166,亞東技術學院,日,博士,16,1,42,12,17,7,0,0,0,2,0,0,01 新北市
1166,亞東技術學院,日,碩士,0,0,6,0,7,4,22,15,1,4,0,0,01 新北市
1166,亞東技術學院,日,學士,0,0,2,1,0,0,1,0,0,1,0,0,01 新北市
1166,亞東技術學院,日,專科,0,0,0,0,0,0,0,1,0,0,0,0,01 新北市
1168,桃園創新技術學院,日,博士,17,2,42,15,30,16,0,0,0,0,0,0,03 桃園縣
1168,桃園創新技術學院,日,碩士,0,0,6,4,5,0,36,31,6,3,0,0,03 桃園縣
1168,桃園創新技術學院,日,學士,1,0,1,0,0,0,0,0,2,0,0,0,03 桃園縣
1168,桃園創新技術學院,日,專科,0,0,0,0,0,0,0,0,1,0,0,0,03 桃園縣
1168,桃園創新技術學院,日,其他,0,0,0,0,0,0,0,0,4,1,0,0,03 桃園縣
1176,稻江科技暨管理學院,日,博士,3,1,8,5,27,19,0,0,1,2,0,0,10 嘉義縣
1176,稻江科技暨管理學院,日,碩士,0,0,0,1,2,0,5,2,2,3,0,0,10 嘉義縣
1176,稻江科技暨管理學院,日,學士,0,0,0,0,0,0,0,0,2,1,0,0,10 嘉義縣
1179,德霖技術學院,日,博士,9,0,42,11,32,14,0,1,0,0,0,0,01 新北市
1179,德霖技術學院,日,碩士,1,0,5,1,5,1,50,31,8,0,0,0,01 新北市
1179,德霖技術學院,日,學士,0,0,3,0,0,0,1,0,3,2,0,0,01 新北市
1179,德霖技術學院,日,專科,0,0,0,0,0,0,0,0,3,0,0,0,01 新北市
1179,德霖技術學院,日,其他,0,0,0,0,0,0,0,0,1,0,0,0,01 新北市
1182,蘭陽技術學院,日,博士,1,0,13,3,28,1,8,0,0,0,0,0,02 宜蘭縣
1182,蘭陽技術學院,日,碩士,0,0,2,0,1,0,36,25,3,1,0,0,02 宜蘭縣
1182,蘭陽技術學院,日,學士,0,0,0,0,0,0,3,1,0,1,0,0,02 宜蘭縣
1182,蘭陽技術學院,日,專科,0,0,0,0,0,0,0,0,1,1,0,0,02 宜蘭縣
1182,蘭陽技術學院,修,碩士,0,0,0,0,0,0,0,1,0,0,0,0,02 宜蘭縣
1183,黎明技術學院,日,博士,5,0,36,4,18,7,0,0,0,0,0,0,01 新北市
1183,黎明技術學院,日,碩士,0,0,0,2,1,1,37,22,1,1,0,0,01 新北市
1183,黎明技術學院,日,學士,0,0,1,0,0,0,3,3,0,0,0,0,01 新北市
1183,黎明技術學院,日,其他,0,0,0,0,0,0,0,1,1,0,0,0,01 新北市
1184,東方設計學院,日,博士,4,0,24,6,27,15,0,0,0,0,0,0,12 高雄市
1184,東方設計學院,日,碩士,1,0,11,1,14,2,13,27,3,4,0,0,12 高雄市
1184,東方設計學院,日,學士,0,0,0,0,0,0,1,0,1,0,0,0,12 高雄市
1184,東方設計學院,日,專科,0,0,1,0,3,0,0,0,0,0,0,0,12 高雄市
1185,經國管理暨健康學院,日,博士,1,0,11,12,11,16,0,0,0,0,0,0,17 基隆市
1185,經國管理暨健康學院,日,碩士,0,0,4,4,2,2,9,33,4,11,0,0,17 基隆市
1185,經國管理暨健康學院,日,學士,0,0,0,0,0,0,0,0,2,4,0,0,17 基隆市
1185,經國管理暨健康學院,日,專科,0,0,0,0,0,0,0,0,6,0,0,0,17 基隆市
1187,崇右技術學院,日,博士,6,1,8,9,11,4,0,2,0,0,0,0,17 基隆市
1187,崇右技術學院,日,碩士,0,0,1,2,1,1,12,26,16,4,0,0,17 基隆市
1187,崇右技術學院,日,學士,0,0,0,0,0,1,0,0,2,2,0,0,17 基隆市
1187,崇右技術學院,日,專科,0,0,0,0,0,0,0,0,3,0,0,0,17 基隆市
1187,崇右技術學院,日,其他,0,0,0,0,0,0,0,0,1,0,0,0,17 基隆市
1188,大同技術學院,日,博士,2,1,5,9,9,7,0,0,0,0,0,0,20 嘉義市
1188,大同技術學院,日,碩士,2,0,3,0,9,6,5,7,3,0,0,0,20 嘉義市
1188,大同技術學院,日,學士,0,0,1,0,1,1,0,0,0,0,0,0,20 嘉義市
1188,大同技術學院,日,專科,0,0,0,0,1,0,0,0,0,0,0,0,20 嘉義市
1188,大同技術學院,日,其他,0,0,0,0,0,0,1,0,0,0,0,0,20 嘉義市
1189,亞太創意技術學院,日,博士,1,0,15,6,11,15,0,1,0,1,0,0,05 苗栗縣
1189,亞太創意技術學院,日,碩士,0,0,0,0,2,1,22,23,5,12,0,0,05 苗栗縣
1189,亞太創意技術學院,日,學士,0,0,0,0,0,1,2,0,1,1,0,0,05 苗栗縣
1189,亞太創意技術學院,日,專科,0,0,0,0,0,0,0,0,2,0,0,0,05 苗栗縣
1192,臺灣觀光學院,日,博士,1,0,2,3,9,4,0,0,0,0,0,0,15 花蓮縣
1192,臺灣觀光學院,日,碩士,0,0,1,1,3,2,8,9,0,0,0,0,15 花蓮縣
1192,臺灣觀光學院,日,學士,0,0,0,0,1,0,1,0,1,1,0,0,15 花蓮縣
1192,臺灣觀光學院,日,專科,1,0,1,0,1,0,1,0,0,0,0,0,15 花蓮縣
1192,臺灣觀光學院,日,其他,0,0,1,0,1,0,1,0,0,0,0,0,15 花蓮縣
1194,台北海洋技術學院,日,博士,1,0,18,12,37,21,0,1,0,0,0,0,30 臺北市
1194,台北海洋技術學院,日,碩士,0,0,5,3,1,1,20,19,15,10,0,0,30 臺北市
1194,台北海洋技術學院,日,學士,0,0,0,0,0,0,0,4,3,1,0,0,30 臺北市
1194,台北海洋技術學院,日,專科,0,0,0,0,0,0,0,0,3,0,0,0,30 臺北市
1194,台北海洋技術學院,日,其他,0,0,0,0,0,0,0,0,1,0,0,0,30 臺北市
1195,馬偕醫學院,日,博士,7,2,13,4,19,22,0,0,0,0,0,0,01 新北市
1195,馬偕醫學院,日,碩士,1,0,1,0,1,0,1,0,0,0,0,0,01 新北市
1195,馬偕醫學院,日,學士,0,0,0,0,4,0,0,0,0,0,0,0,01 新北市
1196,法鼓文理學院,日,博士,1,0,2,1,4,2,0,0,0,0,0,0,01 新北市
1196,法鼓文理學院,日,碩士,0,0,0,0,0,0,0,0,1,0,0,0,01 新北市
1196,法鼓文理學院,日,學士,0,0,0,0,0,0,0,0,1,1,0,0,01 新北市
1281,康寧醫護暨管理專科學校,日,博士,1,2,3,4,9,9,1,1,0,0,0,0,30 臺北市
1281,康寧醫護暨管理專科學校,日,碩士,0,0,1,1,1,0,23,39,5,1,0,0,30 臺北市
1281,康寧醫護暨管理專科學校,日,學士,0,0,0,0,0,0,1,0,1,0,0,0,30 臺北市
1282,馬偕醫護管理專科學校,日,博士,2,0,4,4,15,13,2,2,0,0,0,0,30 臺北市
1282,馬偕醫護管理專科學校,日,碩士,0,0,0,0,2,1,3,46,2,8,0,0,30 臺北市
1282,馬偕醫護管理專科學校,日,學士,2,0,0,0,0,0,1,1,3,16,0,0,30 臺北市
1282,馬偕醫護管理專科學校,日,其他,0,0,0,0,0,0,0,0,2,0,0,0,30 臺北市
1283,仁德醫護管理專科學校,日,博士,2,0,3,1,18,13,7,9,0,0,0,0,05 苗栗縣
1283,仁德醫護管理專科學校,日,碩士,0,0,0,0,3,3,40,68,2,2,0,0,05 苗栗縣
1283,仁德醫護管理專科學校,日,學士,0,0,0,0,0,0,0,2,4,1,0,0,05 苗栗縣
1283,仁德醫護管理專科學校,日,專科,0,0,0,0,0,0,0,0,1,0,0,0,05 苗栗縣
1284,樹人醫護管理專科學校,日,博士,4,0,4,1,18,15,0,2,1,3,0,0,12 高雄市
1284,樹人醫護管理專科學校,日,碩士,0,0,0,0,1,1,23,65,11,30,0,0,12 高雄市
1284,樹人醫護管理專科學校,日,學士,0,0,0,0,0,0,0,0,4,30,0,0,12 高雄市
1285,慈惠醫護管理專科學校,日,博士,0,0,3,0,12,8,2,3,0,0,0,0,13 屏東縣
1285,慈惠醫護管理專科學校,日,碩士,0,0,0,0,0,0,23,72,6,4,0,0,13 屏東縣
1285,慈惠醫護管理專科學校,日,學士,0,0,0,0,0,0,0,0,5,29,0,0,13 屏東縣
1285,慈惠醫護管理專科學校,日,專科,0,0,0,0,0,0,0,0,2,1,0,0,13 屏東縣
1286,耕莘健康管理專科學校,日,博士,0,1,5,3,10,22,0,1,0,0,0,0,01 新北市
1286,耕莘健康管理專科學校,日,碩士,0,0,1,0,1,1,10,79,1,9,0,0,01 新北市
1286,耕莘健康管理專科學校,日,學士,0,0,0,0,1,0,0,0,3,4,0,0,01 新北市
1286,耕莘健康管理專科學校,日,專科,0,0,0,0,2,0,0,0,0,0,0,0,01 新北市
1287,敏惠醫護管理專科學校,日,博士,1,0,1,0,9,6,0,0,0,0,0,0,11 臺南市
1287,敏惠醫護管理專科學校,日,碩士,0,0,1,0,1,0,11,63,0,2,0,0,11 臺南市
1287,敏惠醫護管理專科學校,日,學士,0,0,0,0,0,0,0,0,4,24,0,0,11 臺南市
1288,高美醫護管理專科學校,日,博士,1,0,0,0,3,0,0,0,0,0,0,0,12 高雄市
1288,高美醫護管理專科學校,日,碩士,0,0,0,0,0,0,8,14,0,3,0,0,12 高雄市
1288,高美醫護管理專科學校,日,學士,0,0,0,0,1,0,0,0,1,13,0,0,12 高雄市
1289,育英醫護管理專科學校,日,博士,0,0,1,1,2,6,1,0,0,0,0,0,50 高雄市
1289,育英醫護管理專科學校,日,碩士,0,0,0,0,1,0,5,30,1,4,0,0,50 高雄市
1289,育英醫護管理專科學校,日,學士,0,0,0,0,0,0,0,0,1,24,0,0,50 高雄市
1290,崇仁醫護管理專科學校,日,博士,0,1,1,2,8,6,0,0,0,0,0,0,20 嘉義市
1290,崇仁醫護管理專科學校,日,碩士,0,0,0,0,0,0,15,49,1,5,0,0,20 嘉義市
1290,崇仁醫護管理專科學校,日,學士,0,0,0,0,1,0,0,1,0,29,0,0,20 嘉義市
1290,崇仁醫護管理專科學校,日,專科,0,0,0,0,0,0,1,0,0,0,0,0,20 嘉義市
1291,聖母醫護管理專科學校,日,博士,1,0,7,2,7,8,0,0,1,3,0,0,02 宜蘭縣
1291,聖母醫護管理專科學校,日,碩士,0,0,0,0,0,0,12,52,4,7,0,0,02 宜蘭縣
1291,聖母醫護管理專科學校,日,學士,0,0,0,0,1,0,0,0,3,12,0,0,02 宜蘭縣
1291,聖母醫護管理專科學校,日,專科,0,0,0,0,0,0,0,0,1,0,0,0,02 宜蘭縣
1291,聖母醫護管理專科學校,日,其他,0,0,0,0,0,0,0,0,1,0,0,0,02 宜蘭縣
1292,新生醫護管理專科學校,日,博士,2,0,6,3,19,30,0,2,0,0,0,0,03 桃園縣
1292,新生醫護管理專科學校,日,碩士,0,0,1,0,4,1,15,87,4,5,0,0,03 桃園縣
1292,新生醫護管理專科學校,日,學士,0,0,0,0,0,0,0,1,3,27,0,0,03 桃園縣
3002,臺北市立大學,日,博士,37,28,43,44,29,40,0,0,0,0,0,0,30 臺北市
3002,臺北市立大學,日,碩士,15,8,14,8,18,10,9,10,6,6,0,1,30 臺北市
3002,臺北市立大學,日,學士,1,0,1,1,0,0,0,0,7,0,0,0,30 臺北市
